Workbook

Sheet Từ Vựng Tiếng Anh Lớp 11
A1: Topic | B1: Term | C1: PartOfSpeech | D1: Phonetic | E1: Definition | F1: CEFR | G1: Example | H1: Synonyms | I1: Antonyms | J1: Collocations | K1: Note
A2: Unit 1: A Long & Healthy Life | B2: immune system | C2: noun phrase | D2: /ɪˈmjuːn ˌsɪs.təm/ | E2: Hệ miễn dịch (hệ thống phòng thủ sinh học chống lại mầm bệnh) | F2: B2 | G2: A balanced diet rich in vitamins and regular exercise significantly strengthen the immune system. | H2: body defense system, immunity | I2: immunodeficiency | J2: boost the immune system, weaken the immune system, strong immune system | K2: Tính từ 'immune' (immune to disease = miễn dịch với bệnh tật).
A3: Unit 1: A Long & Healthy Life | B3: longevity | C3: noun | D3: /lɒnˈdʒev.ə.ti/ | E3: Tuổi thọ cao, sự sống lâu | F3: B2 | G3: Japanese people are renowned worldwide for their exceptional longevity and healthy eating habits. | H3: long life, lifespan, life expectancy | I3: short lifespan, early death | J3: promote longevity, secret to longevity, exceptional longevity | K3: Gốc từ 'long' -> tính từ 'long-lived' -> danh từ 'longevity'. Trọng âm 2.
A4: Unit 1: A Long & Healthy Life | B4: antibiotic resistance | C4: noun phrase | D4: /ˌæn.ti.baɪˈɒt.ɪk rɪˌzɪs.təns/ | E4: Sự kháng thuốc kháng sinh (vi khuẩn biến đổi không còn bị tiêu diệt bởi thuốc) | F4: B2 | G4: Overusing prescription drugs can lead to dangerous antibiotic resistance in patients. | H4: drug resistance, antimicrobial resistance | I4: antibiotic sensitivity | J4: combat antibiotic resistance, cause antibiotic resistance, rise of antibiotic resistance | K4: Vấn đề y tế toàn cầu then chốt được thảo luận trong bài học Unit 1.
A5: Unit 1: A Long & Healthy Life | B5: nutritious | C5: adjective | D5: /njuːˈtrɪʃ.əs/ | E5: Bổ dưỡng, giàu chất dinh dưỡng tốt cho cơ thể | F5: B1 | G5: A nutritious breakfast provides teenagers with the vital energy needed for active school days. | H5: nourishing, wholesome, nutrient-dense | I5: unhealthy, unwholesome, junk food | J5: nutritious meal, highly nutritious, nutritious diet | K5: Danh từ: nutrition (dinh dưỡng), nutrient (chất dinh dưỡng), nutritionist (chuyên gia dinh dưỡng).
A6: Unit 1: A Long & Healthy Life | B6: infectious disease | C6: noun phrase | D6: /ɪnˈfek.ʃəs dɪˌziːz/ | E6: Bệnh truyền nhiễm (bệnh lây lan do virus, vi khuẩn) | F6: B2 | G6: Vaccination is one of the most effective measures to prevent the spread of infectious diseases. | H6: contagious disease, communicable disease | I6: non-communicable disease, chronic condition | J6: spread of infectious disease, fight infectious diseases, outbreak of an infectious disease | K6: Động từ: infect (lây nhiễm), infection (sự nhiễm trùng), disinfect (khử trùng).
A7: Unit 1: A Long & Healthy Life | B7: work out | C7: phrasal verb | D7: /wɜːk aʊt/ | E7: Tập thể dục, rèn luyện thể chất | F7: A2 | G7: He makes it a habit to work out at the fitness center three times a week. | H7: exercise, do physical training, keep fit | I7: lead a sedentary lifestyle | J7: work out regularly, gym workout, intense workout routine | K7: Danh từ viết liền: a workout (buổi tập luyện).
A8: Unit 2: The Generation Gap | B8: generation gap | C8: noun phrase | D8: /ˌdʒen.əˈreɪ.ʃən ɡæp/ | E8: Khoảng cách thế hệ (sự khác biệt về tư tưởng, lối sống giữa các thế hệ) | F8: B2 | G8: Open family communication is essential to bridge the generation gap between parents and teenagers. | H8: generational divide, age divide | I8: generational harmony, mutual understanding | J8: bridge the generation gap, narrow the generation gap, experience a generation gap | K8: Động từ hay đi kèm: bridge / narrow (thu hẹp khoảng cách).
A9: Unit 2: The Generation Gap | B9: extended family | C9: noun phrase | D9: /ɪkˌsten.dɪd ˈfæm.əl.i/ | E9: Gia đình nhiều thế hệ (gồm ông bà, cha mẹ, con cháu cùng chung sống) | F9: B1 | G9: Living in an extended family allows children to receive abundant care and love from grandparents. | H9: multi-generational family, joint family | I9: nuclear family, single-parent family | J9: live in an extended family, extended family members, traditional extended family | K9: Trái nghĩa với 'nuclear family' (gia đình hạt nhân chỉ gồm bố mẹ và con cái).
A10: Unit 2: The Generation Gap | B10: curfew | C10: noun | D10: /ˈkɜː.fjuː/ | E10: Giờ giới nghiêm (giờ quy định phải có mặt ở nhà vào buổi tối) | F10: B2 | G10: My parents set a strict 10 PM curfew on weekdays to ensure I get enough rest. | H10: closing hour, home-coming deadline | I10: freedom of movement | J10: set a curfew, break the curfew, impose a curfew, strict curfew | K10: Cụm từ: 'impose a curfew on someone' (áp đặt giờ giới nghiêm).
A11: Unit 2: The Generation Gap | B11: open-minded | C11: adjective | D11: /ˌəʊ.pənˈmaɪn.dɪd/ | E11: Cởi mở, sẵn sàng lắng nghe và tiếp nhận ý kiến, quan điểm mới | F11: B2 | G11: Modern parents tend to be more open-minded regarding their children's career choices. | H11: receptive, broad-minded, progressive, tolerant | I11: narrow-minded, conservative, rigid, dogmatic | J11: be open-minded about, open-minded attitude, remain open-minded | K11: Trái nghĩa là 'narrow-minded' hoặc 'conservative' (bảo thủ).
A12: Unit 2: The Generation Gap | B12: conflict | C12: noun/verb | D12: /ˈkɒn.flɪkt/ | E12: Xung đột, mâu thuẫn / Xảy ra va chạm, bất đồng quan điểm | F12: B1 | G12: Disagreements over table manners and screen time often cause family conflicts. | H12: dispute, discord, clash, friction | I12: harmony, consensus, agreement, peace | J12: resolve a conflict, family conflict, generate conflict, conflict with parents | K12: Danh từ nhấn âm 1 /ˈkɒn.flɪkt/, động từ nhấn âm 2 /kənˈflɪkt/.
... A61: Unit 10: The Ecosystem | B61: endangered species | C61: noun phrase | D61: /ɪnˌdeɪn.dʒəd ˈspiː.ʃiːz/ | E61: Loài có nguy cơ tuyệt chủng (sinh vật nằm trong Sách Đỏ cần bảo vệ khẩn cấp) | F61: B2 | G61: The World Wildlife Fund works relentlessly to safeguard critically endangered species worldwide. | H61: threatened species, species at risk | I61: common species, abundant animals | J61: protect endangered species, list of endangered species, critically endangered species | K61: Từ 'species' giữ nguyên hình thức ở cả số ít và số nhiều (one species, many species).

Sheet Tổng Quan & Thống Kê
A1: TỔNG HỢP VÀ PHÂN TÍCH TỪ VỰNG TIẾNG ANH LỚP 11
A2: Hệ thống từ vựng học thuật chuẩn hóa theo 10 Unit chương trình GDPT 2018 (Global Success, Friends Global, Bright, i-Learn Smart World)
B4: TỔNG SỐ TỪ VỰNG | D4: SỐ CHỦ ĐỀ (UNITS) | F4: TRÌNH ĐỘ B1 (INTERMEDIATE) | H4: TRÌNH ĐỘ B2 (UPPER-INTER)
B5: =COUNTA('Từ Vựng Tiếng Anh Lớp 11'!B2:B61) | D5: 10 | F5: =COUNTIF('Từ Vựng Tiếng Anh Lớp 11'!F2:F61, "B1") | H5: =COUNTIF('Từ Vựng Tiếng Anh Lớp 11'!F2:F61, "B2")
A8: BẢNG 1: THỐNG KÊ TỪ VỰNG THEO TỪNG CHỦ ĐỀ LỚP 11 | F8: BẢNG 2: PHÂN BỐ THEO TRÌNH ĐỘ CEFR
A9: Mã & Tên Chủ Đề | B9: Số Từ Vựng | C9: Tỷ Lệ (%) | D9: Cấp Độ Mục Tiêu | F9: Cấp Độ CEFR | G9: Số Từ Vựng | H9: Tỷ Lệ (%)
A10: Unit 1: A Long & Healthy Life | B10: =COUNTIF('Từ Vựng Tiếng Anh Lớp 11'!$A$2:$A$61, A10) | C10: =B10/$B$20 | D10: A2 - B2 | F10: A2 | G10: =COUNTIF('Từ Vựng Tiếng Anh Lớp 11'!$F$2:$F$61, "A2") | H10: =G10/$G$13
A11: Unit 2: The Generation Gap | B11: =COUNTIF('Từ Vựng Tiếng Anh Lớp 11'!$A$2:$A$61, A11) | C11: =B11/$B$20 | D11: B1 - B2 | F11: B1 | G11: =COUNTIF('Từ Vựng Tiếng Anh Lớp 11'!$F$2:$F$61, "B1") | H11: =G11/$G$13
A12: Unit 3: Cities of the Future | B12: =COUNTIF('Từ Vựng Tiếng Anh Lớp 11'!$A$2:$A$61, A12) | C12: =B12/$B$20 | D12: B1 - B2 | F12: B2 | G12: =COUNTIF('Từ Vựng Tiếng Anh Lớp 11'!$F$2:$F$61, "B2") | H12: =G12/$G$13
A13: Unit 4: ASEAN and Viet Nam | B13: =COUNTIF('Từ Vựng Tiếng Anh Lớp 11'!$A$2:$A$61, A13) | C13: =B13/$B$20 | D13: A2 - B2 | F13: Tổng cộng | G13: =SUM(G10:G12) | H13: =SUM(H10:H12)
A14: Unit 5: Global Warming | B14: =COUNTIF('Từ Vựng Tiếng Anh Lớp 11'!$A$2:$A$61, A14) | C14: =B14/$B$20 | D14: A2 - B2
A15: Unit 6: Preserving Heritage | B15: =COUNTIF('Từ Vựng Tiếng Anh Lớp 11'!$A$2:$A$61, A15) | C15: =B15/$B$20 | D15: A2 - B2
A16: Unit 7: Education for Leavers | B16: =COUNTIF('Từ Vựng Tiếng Anh Lớp 11'!$A$2:$A$61, A16) | C16: =B16/$B$20 | D16: B1 - B2
A17: Unit 8: Becoming Independent | B17: =COUNTIF('Từ Vựng Tiếng Anh Lớp 11'!$A$2:$A$61, A17) | C17: =B17/$B$20 | D17: B1 - B2
A18: Unit 9: Social Issues | B18: =COUNTIF('Từ Vựng Tiếng Anh Lớp 11'!$A$2:$A$61, A18) | C18: =B18/$B$20 | D18: B1 - B2
A19: Unit 10: The Ecosystem | B19: =COUNTIF('Từ Vựng Tiếng Anh Lớp 11'!$A$2:$A$61, A19) | C19: =B19/$B$20 | D19: B1 - B2
A20: Tổng cộng | B20: =SUM(B10:B19) | C20: =SUM(C10:C19) | D20: Toàn bộ 10 Units
A40: CHIẾN LƯỢC ĐỘT PHÁ TỪ VỰNG TIẾNG ANH LỚP 11 - CHINH PHỤC ĐIỂM 9+ THPT VÀ CHỨNG CHỈ IELTS
A41: 1. Nắm chắc các chủ đề có tính học thuật cao (High-Level Academic Themes):
A42: Lớp 11 là năm bản lề với các chủ đề mang tính thời sự toàn cầu: Biến đổi khí hậu (Global Warming), Đô thị thông minh (Smart Cities), Tự lập (Independence) và Di sản văn hóa (Preserving Heritage). Nắm vững vốn từ này sẽ giúp học sinh xử lý xuất sắc các bài đọc hiểu dài trong đề thi đại học.
A43: 2. Tối ưu hóa Collocations và Phrasal Verbs học thuật:
A44: Không dịch từng từ đơn lẻ (word-by-word). Hãy ghi nhớ các cụm động từ và kết hợp từ tự nhiên (ví dụ: 'bridge the generation gap', 'boost the immune system', 'phase out fossil fuels', 'cope with academic stress', 'raise public awareness').
A45: 3. Kỹ thuật nhận diện ngữ cảnh & Đoán nghĩa từ mới (Contextual Clues):
A46: Khi gặp các bài đọc phức tạp, hãy rèn luyện phản xạ đoán nghĩa dựa vào các liên từ tương phản (however, whereas), nguyên nhân - kết quả (consequently, due to) và cấu trúc song hành.
A47: 4. Phát triển kỹ năng Paraphrasing (Diễn đạt tương đương):
A48: Học từ vựng theo cặp Đồng nghĩa - Trái nghĩa (Synonyms / Antonyms) để dễ dàng nhận diện bẫy trong các bài thi trắc nghiệm tìm từ đồng nghĩa/trái nghĩa và nâng band điểm Writing.
A49: 5. Kiểm tra định kỳ bằng Flashcard tương tác:
A50: Sử dụng Tab 'Flashcard & Luyện Tập' để tự kiểm tra kiến thức sau mỗi tuần học, lọc ra những từ ở trạng thái 'Cần ôn lại' để củng cố trước các kỳ thi giữa kỳ và cuối kỳ.

Sheet Flashcard & Luyện Tập
A1: BẢNG LUYỆN TẬP & ĐÁNH GIÁ MỨC ĐỘ GHI NHỚ TỪ VỰNG TIẾNG ANH LỚP 11
A2: Hướng dẫn: Tự điền từ vào chỗ trống trong câu, sau đó đánh giá mức độ ghi nhớ ở cột 'Trạng Thái Ôn Tập' để lên kế hoạch ôn luyện định kỳ.
A4: STT | B4: Chủ Đề (Topic) | C4: Từ Cần Nhớ (Target Term) | D4: Loại Từ & Phiên Âm | E4: Định Nghĩa Tiếng Việt | F4: Câu Hỏi Luyện Tập (Điền từ vào chỗ trống) | G4: Trạng Thái Ôn Tập | H4: Ghi Chú Ôn Tập Cá Nhân
A5: 1 | B5: Unit 1: A Long & Healthy Life | C5: immune system | D5: noun phrase | /ɪˈmjuːn ˌsɪs.təm/ | E5: Hệ miễn dịch | F5: Eating a balanced diet rich in citrus fruits helps strengthen your _____ against common viral infections. | G5: Đã thuộc | H5: Học cụm boost/strengthen the immune system
A6: 2 | B6: Unit 1: A Long & Healthy Life | C6: longevity | D6: noun | /lɒnˈdʒev.ə.ti/ | E6: Tuổi thọ cao, sự sống lâu | F6: Regular physical exercise and low-stress living are known to promote overall health and _____ in elderly populations. | G6: Đã thuộc | H6: Gốc từ long -> longevity (trọng âm 2)
A7: 3 | B7: Unit 1: A Long & Healthy Life | C7: antibiotic resistance | D7: noun phrase | /ˌæn.ti.baɪˈɒt.ɪk rɪˌzɪs.təns/ | E7: Kháng thuốc kháng sinh | F7: Misusing prescription drugs without a doctor's guidance significantly increases the risk of dangerous _____. | G7: Đang học | H7: Chủ đề thời sự y tế toàn cầu
A8: 4 | B8: Unit 2: The Generation Gap | C8: generation gap | D8: noun phrase | /ˌdʒen.əˈreɪ.ʃən ɡæp/ | E8: Khoảng cách thế hệ | F8: Effective parent-child communication is key to bridging the _____ regarding lifestyle choices and career paths. | G8: Đã thuộc | H8: Cụm bridge / narrow the generation gap
A9: 5 | B9: Unit 2: The Generation Gap | C9: curfew | D9: noun | /ˈkɜː.fjuː/ | E9: Giờ giới nghiêm | F9: My parents established a strict 9:30 PM _____ on school nights to ensure I get sufficient sleep. | G9: Đã thuộc | H9: Cụm set / break / impose a curfew
A10: 6 | B10: Unit 2: The Generation Gap | C10: open-minded | D10: adjective | /ˌəʊ.pənˈmaɪn.dɪd/ | E10: Cởi mở, cầu tiến | F10: Being _____ allows teenagers to accept constructive feedback and adapt to new cultural viewpoints easily. | G10: Đang học | H10: Trái nghĩa với narrow-minded / conservative
A11: 7 | B11: Unit 3: Cities of the Future | C11: smart city | D11: noun phrase | /ˈsmɑːt ˌsɪt.i/ | E11: Đô thị thông minh | F11: A modern _____ relies heavily on sensor networks and AI technology to manage public utilities and traffic. | G11: Đã thuộc | H11: Thuật ngữ xuyên suốt Unit 3
A12: 8 | B12: Unit 3: Cities of the Future | C12: infrastructure | D12: noun | /ˈɪn.frəˌstrʌk.tʃər/ | E12: Cơ sở hạ tầng | F12: Developing sustainable transport _____ is essential for reducing traffic congestion in rapidly growing metropolises. | G12: Đã thuộc | H12: Trọng âm 1: IN-fra-struc-ture
A13: 9 | B13: Unit 3: Cities of the Future | C13: livable | D13: adjective | /ˈlɪv.ə.bəl/ | E13: Đáng sống, tiện nghi | F13: Plentiful green parks and clean air contribute directly to making a metropolis more _____ for its residents. | G13: Đang học | H13: Danh từ là livability
A14: 10 | B14: Unit 4: ASEAN and Viet Nam | C14: solidarity | D14: noun | /ˌsɒl.ɪˈdær.ə.ti/ | E14: Sự đoàn kết, gắn bó | F14: During times of natural disasters, ASEAN member states always demonstrate profound mutual _____. | G14: Đã thuộc | H14: Trọng âm 3: sol-i-DAR-i-ty
A15: 11 | B15: Unit 4: ASEAN and Viet Nam | C15: cultural exchange | D15: noun phrase | /ˌkʌl.tʃər.əl ɪksˈtʃeɪndʒ/ | E15: Giao lưu văn hóa | F15: Participating in international youth forums fosters meaningful _____ and mutual understanding. | G15: Đã thuộc | H15: Hay gặp trong đề thi nói và viết
A16: 12 | B16: Unit 5: Global Warming | C16: greenhouse gas emission | D16: noun phrase | /ˈɡriːn.haʊs ɡæs ɪˈmɪʃ.ən/ | E16: Khí thải nhà kính | F16: International climate agreements obligate major industrial nations to drastically reduce their _____. | G16: Đang học | H16: Động từ là emit (phát thải)
... A29: 25 | B29: Unit 10: The Ecosystem | C29: extinct | D29: adjective | /ɪkˈstɪŋkt/ | E29: Tuyệt chủng | F29: The Javan rhinoceros in Cat Tien National Park was officially declared _____ in 2010. | G29: Cần ôn lại | H29: Cụm become extinct / go extinct
